{
    "best_params": {
        "grid_spacing_k": 1.2749113104637637,
        "spacing_floor": 0.004503280981698451,
        "grid_levels": 8,
        "regen_drift_mult": 1.040531033568596,
        "adaptive_floor_scale": 0.6509282760368261,
        "tp_concentration": 0.8673537812405735,
        "gamma": 1.2468631065184412,
        "kappa": 1.8379173284072925,
        "max_inventory_per_side": 4,
        "as_time_horizon": 192.91916825113918,
        "regime_hysteresis_bars": 4,
        "adx_trend_threshold": 34.338313942643474,
        "atr_sl_mult": 4.200432753593538,
        "max_position_pct": 0.5837871740046612,
        "stop_cooldown_bars": 82,
        "low_volume_threshold": 0.5358703424723323,
        "deviance_sigma": 3.9998343553711853,
        "gap_prune_mult": 3.041767198965791,
        "offset_prune_ratio": 3.446960280520421,
        "prune_cooldown_bars": 20,
        "kelly_window": 37,
        "funding_harvest_threshold": 0.00020853003513253884
    },
    "train_min_score": 28.788860855395583,
    "train_scores": [
        11.2932,
        0.5726,
        31.2124,
        44.5628
    ],
    "test_scores": [
        7.5562,
        2.9254,
        0.2405,
        1.8506
    ],
    "n_trials": 200,
    "n_windows": 6,
    "coins": [
        "ETH/USDT"
    ]
}