{
    "best_params": {
        "grid_spacing_k": 1.8485707782216874,
        "spacing_floor": 0.008632306757330227,
        "grid_levels": 2,
        "order_pct": 0.0426345986945609,
        "gamma": 0.7505239758145579,
        "kappa": 2.23906343531247,
        "max_inventory_per_side": 6,
        "regime_threshold": 0.05006120953490373,
        "er_trend_threshold": 0.6796679962077007,
        "atr_sl_mult": 2.0871531824720666,
        "max_position_pct": 0.330324595895921,
        "max_drawdown_pct": 0.16315630856923954,
        "max_position_age_hours": 39,
        "deviance_sigma": 3.164237241952121,
        "gap_prune_mult": 2.623771562811537,
        "funding_cost_ratio": 0.4008040654054951,
        "trailing_enabled": false,
        "allow_short": false
    },
    "train_min_score": -0.43809219046559,
    "train_scores": [
        -0.4151,
        -0.2051,
        -0.3598,
        -0.2324,
        -0.3422,
        -0.2527,
        -0.3143,
        -0.4061,
        -0.3656,
        -0.4381,
        -0.3884,
        -0.3161
    ],
    "test_scores": [
        2.8239,
        -10.0,
        -10.0,
        -10.0,
        0.2137,
        0.0393,
        1.8446,
        -0.2119,
        -10.0,
        -10.0,
        -0.3767,
        -10.0
    ],
    "n_trials": 200,
    "n_windows": 3,
    "coins": [
        "BTC/USDT",
        "ETH/USDT",
        "SOL/USDT"
    ]
}