{
    "best_params": {
        "grid_spacing_k": 1.233802676711151,
        "spacing_floor": 0.00434470866469664,
        "grid_levels": 6,
        "regen_drift_mult": 1.1112337161267085,
        "adaptive_floor_scale": 0.5843640720625094,
        "tp_concentration": 0.6678586067469813,
        "gamma": 1.0332758402029454,
        "kappa": 0.5034541575482276,
        "max_inventory_per_side": 3,
        "as_time_horizon": 206.0338611084366,
        "regime_hysteresis_bars": 2,
        "adx_trend_threshold": 30.924934918081167,
        "atr_sl_mult": 4.454411999987983,
        "max_position_pct": 0.3473550697093676,
        "stop_cooldown_bars": 73,
        "low_volume_threshold": 0.33261522119963133,
        "leverage": 2.1509474643499873,
        "deviance_sigma": 3.0326805646960784,
        "gap_prune_mult": 1.6225337536699354,
        "offset_prune_ratio": 3.5796060106996306,
        "prune_cooldown_bars": 28,
        "kelly_window": 31,
        "funding_harvest_threshold": 0.0002936268055014897
    },
    "train_min_score": 14.981690784962101,
    "train_scores": [
        18.5825,
        23.0206,
        1.5679,
        15.5665,
        3.57
    ],
    "test_scores": [
        6.5563,
        17.1423,
        1.5044,
        17.935,
        -10.0
    ],
    "n_trials": 200,
    "n_windows": 5,
    "coins": [
        "ETH/USDT"
    ]
}