{
    "best_params": {
        "grid_spacing_k": 1.2204918080681102,
        "spacing_floor": 0.004373454684915719,
        "grid_levels": 7,
        "regen_drift_mult": 1.0020281044569284,
        "adaptive_floor_scale": 0.6450907486211813,
        "tp_concentration": 0.8145211948744177,
        "gamma": 0.43492290799922073,
        "kappa": 2.5587447059948705,
        "max_inventory_per_side": 3,
        "as_time_horizon": 269.38610929553124,
        "regime_hysteresis_bars": 2,
        "adx_trend_threshold": 31.144558826308028,
        "atr_sl_mult": 3.182677391568977,
        "max_position_pct": 0.6129092309232715,
        "stop_cooldown_bars": 91,
        "low_volume_threshold": 0.41522564852292043,
        "deviance_sigma": 3.188486761782714,
        "gap_prune_mult": 3.0451530059998895,
        "offset_prune_ratio": 4.963334366853018,
        "prune_cooldown_bars": 19,
        "kelly_window": 46,
        "funding_harvest_threshold": 0.00036030548808058956
    },
    "train_min_score": 17.53663754111481,
    "train_scores": [
        15.816,
        -1.034,
        15.7677,
        21.7901,
        17.4442
    ],
    "test_scores": [
        6.0418,
        29.0623,
        1.7299,
        3.0709,
        -1.8355
    ],
    "n_trials": 200,
    "n_windows": 5,
    "coins": [
        "ETH/USDT"
    ]
}