{
    "best_params": {
        "grid_spacing_k": 1.2197460254248103,
        "spacing_floor": 0.004231087717388079,
        "grid_levels": 6,
        "regen_drift_mult": 1.1503049063604547,
        "adaptive_floor_scale": 1.3727622584481236,
        "tp_concentration": 0.6186890943827881,
        "gamma": 1.3146607090392872,
        "kappa": 1.750349796529604,
        "max_inventory_per_side": 6,
        "as_time_horizon": 204.0219133931278,
        "regime_hysteresis_bars": 3,
        "adx_trend_threshold": 28.163725495593326,
        "atr_sl_mult": 3.6702878469372817,
        "max_position_pct": 0.6733839726203472,
        "stop_cooldown_bars": 82,
        "low_volume_threshold": 0.4456714925604382,
        "leverage": 8.63692065748503,
        "deviance_sigma": 3.9427883237398187,
        "gap_prune_mult": 1.9777369505896587,
        "offset_prune_ratio": 4.884735160856932,
        "prune_cooldown_bars": 21,
        "kelly_window": 89,
        "funding_harvest_threshold": 0.0004999273290866994
    },
    "train_min_score": 15.213216825423084,
    "train_scores": [
        8.7292,
        1.3558,
        12.7668,
        16.4598,
        23.6075
    ],
    "test_scores": [
        19.2576,
        21.0327,
        -0.9985,
        5.9561,
        -1.36
    ],
    "n_trials": 200,
    "n_windows": 5,
    "coins": [
        "ETH/USDT"
    ]
}