{
    "robust_params": {
        "grid_spacing_k": 1.2331797388153896,
        "spacing_floor": 0.004541935297571592,
        "grid_levels": 6,
        "regen_drift_mult": 1.1358503972669787,
        "adaptive_floor_scale": 0.6744340275970138,
        "tp_concentration": 0.6654531021551162,
        "gamma": 0.9925083679194795,
        "kappa": 0.9344104072884631,
        "max_inventory_per_side": 3,
        "as_time_horizon": 204.36643193132565,
        "regime_hysteresis_bars": 2,
        "adx_trend_threshold": 30.323286935632794,
        "atr_sl_mult": 4.392245208514423,
        "max_position_pct": 0.3565304770934433,
        "stop_cooldown_bars": 73,
        "low_volume_threshold": 0.3684736376142471,
        "leverage": 5.8656231281296165,
        "deviance_sigma": 3.0135439596423534,
        "gap_prune_mult": 1.6796086508018817,
        "offset_prune_ratio": 3.6830482010347323,
        "prune_cooldown_bars": 28,
        "kelly_window": 32,
        "funding_harvest_threshold": 0.0002953893242943681
    },
    "param_stability": {
        "grid_spacing_k": 0.0179,
        "spacing_floor": 0.08,
        "grid_levels": 0.0933,
        "regen_drift_mult": 0.0507,
        "adaptive_floor_scale": 0.2242,
        "tp_concentration": 0.043,
        "gamma": 0.3669,
        "kappa": 0.6556,
        "max_inventory_per_side": 0.0,
        "as_time_horizon": 0.168,
        "regime_hysteresis_bars": 0.0,
        "adx_trend_threshold": 0.042,
        "atr_sl_mult": 0.0318,
        "max_position_pct": 0.0637,
        "stop_cooldown_bars": 0.0426,
        "low_volume_threshold": 0.1262,
        "leverage": 0.4836,
        "deviance_sigma": 0.0186,
        "gap_prune_mult": 0.0419,
        "offset_prune_ratio": 0.0684,
        "prune_cooldown_bars": 0.0558,
        "kelly_window": 0.0545,
        "funding_harvest_threshold": 0.2353
    },
    "robustness_score": 0.12887,
    "num_trials": 200,
    "top_trials_used": 20,
    "best_single_trial_score": 14.981690784962101,
    "n_windows": 5,
    "coins": [
        "ETH/USDT"
    ],
    "mc_significant": false,
    "mc_p_value": 0.52,
    "oos_pass": false
}