{
    "robust_params": {
        "grid_spacing_k": 1.2271684367634046,
        "spacing_floor": 0.004262333269267563,
        "grid_levels": 7,
        "regen_drift_mult": 1.0598251134830678,
        "adaptive_floor_scale": 0.662187704421402,
        "tp_concentration": 0.8180514377277426,
        "gamma": 0.4706632021609396,
        "kappa": 2.5007090772025204,
        "max_inventory_per_side": 3,
        "as_time_horizon": 279.04272428216495,
        "regime_hysteresis_bars": 2,
        "adx_trend_threshold": 31.10217455348311,
        "atr_sl_mult": 3.1299958535030212,
        "max_position_pct": 0.6001907800325943,
        "stop_cooldown_bars": 85,
        "low_volume_threshold": 0.4397331124371887,
        "deviance_sigma": 3.4063981702743344,
        "gap_prune_mult": 3.001402883922838,
        "offset_prune_ratio": 4.776263258702839,
        "prune_cooldown_bars": 24,
        "kelly_window": 48,
        "funding_harvest_threshold": 0.00036901580903416723
    },
    "param_stability": {
        "grid_spacing_k": 0.024,
        "spacing_floor": 0.0683,
        "grid_levels": 0.0314,
        "regen_drift_mult": 0.0301,
        "adaptive_floor_scale": 0.27,
        "tp_concentration": 0.0412,
        "gamma": 0.37,
        "kappa": 0.0934,
        "max_inventory_per_side": 0.0715,
        "as_time_horizon": 0.0719,
        "regime_hysteresis_bars": 0.197,
        "adx_trend_threshold": 0.0367,
        "atr_sl_mult": 0.0319,
        "max_position_pct": 0.0644,
        "stop_cooldown_bars": 0.1201,
        "low_volume_threshold": 0.1073,
        "deviance_sigma": 0.0295,
        "gap_prune_mult": 0.0835,
        "offset_prune_ratio": 0.0679,
        "prune_cooldown_bars": 0.1414,
        "kelly_window": 0.2973,
        "funding_harvest_threshold": 0.15
    },
    "robustness_score": 0.109036,
    "num_trials": 200,
    "top_trials_used": 20,
    "best_single_trial_score": 17.53663754111481,
    "n_windows": 5,
    "coins": [
        "ETH/USDT"
    ],
    "mc_significant": false,
    "mc_p_value": 1.0,
    "oos_pass": true
}