{
    "robust_params": {
        "grid_spacing_k": 1.285766751171417,
        "spacing_floor": 0.004553372792951522,
        "grid_levels": 8,
        "regen_drift_mult": 1.0450032448801334,
        "adaptive_floor_scale": 0.63048667114515,
        "tp_concentration": 0.873911459216727,
        "gamma": 1.3492983920925425,
        "kappa": 1.8831060771158992,
        "max_inventory_per_side": 4,
        "as_time_horizon": 188.01981084616492,
        "regime_hysteresis_bars": 4,
        "adx_trend_threshold": 34.41753446044123,
        "atr_sl_mult": 4.232251672231441,
        "max_position_pct": 0.5888233153768084,
        "stop_cooldown_bars": 83,
        "low_volume_threshold": 0.5653739671081299,
        "deviance_sigma": 3.9701179966811937,
        "gap_prune_mult": 3.0216746876641984,
        "offset_prune_ratio": 3.3721011504341103,
        "prune_cooldown_bars": 20,
        "kelly_window": 36,
        "funding_harvest_threshold": 0.00019692663928747164
    },
    "param_stability": {
        "grid_spacing_k": 0.0116,
        "spacing_floor": 0.0296,
        "grid_levels": 0.32,
        "regen_drift_mult": 0.0224,
        "adaptive_floor_scale": 0.1197,
        "tp_concentration": 0.0491,
        "gamma": 0.0861,
        "kappa": 0.1032,
        "max_inventory_per_side": 0.0472,
        "as_time_horizon": 0.057,
        "regime_hysteresis_bars": 0.2882,
        "adx_trend_threshold": 0.1052,
        "atr_sl_mult": 0.0214,
        "max_position_pct": 0.038,
        "stop_cooldown_bars": 0.0649,
        "low_volume_threshold": 0.0582,
        "deviance_sigma": 0.0105,
        "gap_prune_mult": 0.0339,
        "offset_prune_ratio": 0.0575,
        "prune_cooldown_bars": 0.0589,
        "kelly_window": 0.0614,
        "funding_harvest_threshold": 0.1495
    },
    "robustness_score": 0.081523,
    "num_trials": 1106,
    "top_trials_used": 110,
    "best_single_trial_score": 28.788860855395583,
    "n_windows": 5,
    "coins": [
        "ETH/USDT"
    ],
    "mc_significant": false,
    "mc_p_value": 1.0,
    "oos_pass": true
}