{
    "robust_params": {
        "grid_spacing_k": 1.2864156635164665,
        "spacing_floor": 0.0045708440650363644,
        "grid_levels": 8,
        "regen_drift_mult": 1.0461884091297606,
        "adaptive_floor_scale": 0.6251545169587205,
        "tp_concentration": 0.8756167549521352,
        "gamma": 1.3523299410864433,
        "kappa": 1.8900400682876977,
        "max_inventory_per_side": 4,
        "as_time_horizon": 186.4792009667811,
        "regime_hysteresis_bars": 4,
        "adx_trend_threshold": 34.44383180776198,
        "atr_sl_mult": 4.240063070117188,
        "max_position_pct": 0.5881372859891217,
        "stop_cooldown_bars": 83,
        "low_volume_threshold": 0.5716304521824207,
        "deviance_sigma": 3.9694806680088446,
        "gap_prune_mult": 3.019565885528727,
        "offset_prune_ratio": 3.349393116566599,
        "prune_cooldown_bars": 20,
        "kelly_window": 36,
        "funding_harvest_threshold": 0.00019074809870843219
    },
    "param_stability": {
        "grid_spacing_k": 0.0133,
        "spacing_floor": 0.0302,
        "grid_levels": 0.3279,
        "regen_drift_mult": 0.0231,
        "adaptive_floor_scale": 0.1249,
        "tp_concentration": 0.0458,
        "gamma": 0.0863,
        "kappa": 0.1047,
        "max_inventory_per_side": 0.0484,
        "as_time_horizon": 0.0583,
        "regime_hysteresis_bars": 0.2903,
        "adx_trend_threshold": 0.1071,
        "atr_sl_mult": 0.0237,
        "max_position_pct": 0.0357,
        "stop_cooldown_bars": 0.0642,
        "low_volume_threshold": 0.0569,
        "deviance_sigma": 0.0107,
        "gap_prune_mult": 0.0348,
        "offset_prune_ratio": 0.0587,
        "prune_cooldown_bars": 0.0598,
        "kelly_window": 0.067,
        "funding_harvest_threshold": 0.1567
    },
    "robustness_score": 0.083114,
    "num_trials": 1306,
    "top_trials_used": 130,
    "best_single_trial_score": 28.788860855395583,
    "n_windows": 6,
    "coins": [
        "ETH/USDT"
    ],
    "mc_significant": false,
    "mc_p_value": 0.96,
    "oos_pass": true
}