{
    "robust_params": {
        "grid_spacing_k": 1.2466946042267817,
        "spacing_floor": 0.004429916247649758,
        "grid_levels": 6,
        "regen_drift_mult": 1.1845108538681615,
        "adaptive_floor_scale": 1.1487242665424464,
        "tp_concentration": 0.655258031563118,
        "gamma": 1.2499663656455176,
        "kappa": 1.7537494319072238,
        "max_inventory_per_side": 6,
        "as_time_horizon": 182.77463083614896,
        "regime_hysteresis_bars": 4,
        "adx_trend_threshold": 28.46670829631784,
        "atr_sl_mult": 3.6299262695492684,
        "max_position_pct": 0.639423614343536,
        "stop_cooldown_bars": 82,
        "low_volume_threshold": 0.4462585740393808,
        "leverage": 6.695010052875719,
        "deviance_sigma": 3.9305872876584846,
        "gap_prune_mult": 2.1086090663869026,
        "offset_prune_ratio": 5.050613214575074,
        "prune_cooldown_bars": 24,
        "kelly_window": 86,
        "funding_harvest_threshold": 0.0004848967979764772
    },
    "param_stability": {
        "grid_spacing_k": 0.0199,
        "spacing_floor": 0.0607,
        "grid_levels": 0.0753,
        "regen_drift_mult": 0.063,
        "adaptive_floor_scale": 0.2213,
        "tp_concentration": 0.1152,
        "gamma": 0.0721,
        "kappa": 0.1647,
        "max_inventory_per_side": 0.0739,
        "as_time_horizon": 0.1298,
        "regime_hysteresis_bars": 0.2876,
        "adx_trend_threshold": 0.0343,
        "atr_sl_mult": 0.0717,
        "max_position_pct": 0.0849,
        "stop_cooldown_bars": 0.1204,
        "low_volume_threshold": 0.1572,
        "leverage": 0.4047,
        "deviance_sigma": 0.0242,
        "gap_prune_mult": 0.3429,
        "offset_prune_ratio": 0.051,
        "prune_cooldown_bars": 0.1736,
        "kelly_window": 0.0923,
        "funding_harvest_threshold": 0.0567
    },
    "robustness_score": 0.125974,
    "num_trials": 203,
    "top_trials_used": 20,
    "best_single_trial_score": 15.213216825423084,
    "n_windows": 5,
    "coins": [
        "ETH/USDT"
    ],
    "mc_significant": false,
    "mc_p_value": 0.84,
    "oos_pass": true
}